virus.family,virus.genus,virus.species,host.genus,host.species,zoonotic,detection.method,reference,notes
Paramyxoviridae,undetermined, a parainfluenzavirus,Rousettus,leschenaultii,N,isolation,[388],
Astroviridae,Mamastrovirus,2 to 6? Astroviruses,Myotis,myotis,N,PCR,[314],
Coronaviridae,Coronavirus,a betacoronavirus,Hipposideros,larvatus,N,PCR,[336],
Herpesviridae,unassigned,A cytomegalovirus,Myotis,lucifugus,N,isolation,[320],1996
Herpesviridae,unassigned,a gammaherpesvirus,Eptesicus,serotinus,N,PCR,[372],
Herpesviridae,unassigned,a herpesvirus,Eidolon,dupreanum,N,isolation,[328],
Herpesviridae,unassigned,a herpesvirus,Eidolon,helvum,N,isolation,[328],
Retroviridae,unassigned,a retrovirus,Carollia,perspicillata,N,PCR,[393],
Herpesviridae,unassigned,Agua Preta virus,Carollia,subrufa,N,isolation,[320],
Adenoviridae,Mastadenovirus,an adenovirus,Myotis,myotis,N,PCR,[314],
Coronaviridae,Coronavirus,an alphacoronavirus,Hipposideros,armiger,N,PCR,[336],
Herpesviridae,unassigned,another bat gammaherpesvirus,Hipposideros,diadema,N,PCR,[373],
Rhabdoviridae,Lyssavirus,Aravan,Myotis,blythii,N,isolation,[394],
Rhabdoviridae,Lyssavirus,Aravan,Pteropus,lylei,N,antibodies,[395],may cross-react with 4 diff viruses
Rhabdoviridae,Lyssavirus,Australian bat lyssavirus,Miniopterus,schreibersii,Y,neautralizing antibodies,[396],
Rhabdoviridae,Lyssavirus,Australian bat lyssavirus,Philetor,brachypterus,Y,neautralizing antibodies,[396],
Rhabdoviridae,Lyssavirus,Australian bat lyssavirus,Pteropus,alecto,Y,isolation,"[322, 397, 398]",
Rhabdoviridae,Lyssavirus,Australian bat lyssavirus,Pteropus,conspicillatus,Y,isolation,"[322, 399]",
Rhabdoviridae,Lyssavirus,Australian bat lyssavirus,Pteropus,hypomelanus,Y,neautralizing antibodies,[396],
Rhabdoviridae,Lyssavirus,Australian bat lyssavirus,Pteropus,lylei,Y,antibodies,[395],may cross-react with 4 diff viruses
Rhabdoviridae,Lyssavirus,Australian bat lyssavirus,Pteropus,poliocephalus,Y,isolation,"[322, 397, 377]",
Rhabdoviridae,Lyssavirus,Australian bat lyssavirus,Pteropus,scapulatus,Y,isolation,"[322, 397, 377]",
Rhabdoviridae,Lyssavirus,Australian bat lyssavirus,Rousettus,amplexicaudatus,Y,neautralizing antibodies,[396],
Rhabdoviridae,Lyssavirus,Australian bat lyssavirus,Saccolaimus,flaviventris,Y,isolation,"[320, 322]",
Rhabdoviridae,Lyssavirus,Australian bat lyssavirus,Scotophilus,kuhlii,Y,neautralizing antibodies,[396],
Rhabdoviridae,Lyssavirus,Australian bat lyssavirus,Taphozous,melanopogon,Y,neautralizing antibodies,[396],
Bunyaviridae,unassigned,Bangui virus,Pipistrellus,,Y,isolation,[320],species not given
Bunyaviridae,unassigned,Bangui virus,Scotophilus,,Y,isolation,[320],species not given
Bunyaviridae,unassigned,Bangui virus,Tadarida,,Y,isolation,[320],species not given
Adenoviridae,Mastadenovirus,bat adenovirus (BtAdV-TJM),Myotis,pilosus,N,isolation then PCR,[315],
Adenoviridae,Mastadenovirus,bat adenovirus (BtAdV-TJM),Nyctalus,noctula,N,PCR,[316],
Astroviridae,unassigned,bat astrovirus AFCD337,Miniopterus,magnater,N,PCR,[323],
Astroviridae,unassigned,bat astrovirus AFCD337,Miniopterus,pusillus,N,PCR,[323],
Astroviridae,unassigned,bat astrovirus AFCD337,Myotis,chinensis,N,PCR,[323],
Astroviridae,unassigned,bat astrovirus AFCD337,Myotis,pilosus,N,PCR,[323],
Astroviridae,unassigned,bat astrovirus AFCD337,Rhinolophus,rouxii,N,PCR,[323],
Astroviridae,unassigned,bat astroviruses,Aselliscus,stoliczkanus,N,PCR,[324],
Astroviridae,unassigned,bat astroviruses,Hipposideros,armiger,N,PCR,[324],
Astroviridae,unassigned,bat astroviruses,Hipposideros,larvatus,N,PCR,[324],
Astroviridae,unassigned,bat astroviruses,Hipposideros,pomona,N,PCR,[324],
Astroviridae,unassigned,bat astroviruses,Ia,io,N,PCR,[324],
Astroviridae,unassigned,bat astroviruses,Megaderma,lyra,N,PCR,[324],
Astroviridae,unassigned,bat astroviruses,Miniopterus,schreibersii,N,PCR,[324],
Astroviridae,unassigned,bat astroviruses,Myotis,pilosus,N,PCR,[324],
Astroviridae,unassigned,bat astroviruses,Myotis,,N,PCR,[324],species not given
Astroviridae,unassigned,bat astroviruses,Nyctalus,plancyi,N,PCR,[324],
Astroviridae,unassigned,bat astroviruses,Pipistrellus,abramus,N,PCR,[324],
Astroviridae,unassigned,bat astroviruses,Pipistrellus,,N,PCR,[324],species not given
Astroviridae,unassigned,bat astroviruses,Rhinolophus,affinis,N,PCR,[324],
Astroviridae,unassigned,bat astroviruses,Rhinolophus,ferrumequinum,N,PCR,[324],
Astroviridae,unassigned,bat astroviruses,Rhinolophus,macrotis,N,PCR,[324],
Astroviridae,unassigned,bat astroviruses,Rhinolophus,pearsonii,N,PCR,[324],
Astroviridae,unassigned,bat astroviruses,Rhinolophus,sinicus,N,PCR,[324],
Astroviridae,unassigned,bat astroviruses,Scotophilus,kuhlii,N,PCR,[324],
Astroviridae,unassigned,bat astroviruses,Taphozous,melanopogon,N,PCR,[324],
Astroviridae,unassigned,bat astroviruses,Tylonycteris,pachypus,N,PCR,[324],
Coronaviridae,Coronavirus,Bat CoV,Hipposideros,caffer,N,PCR,[337],
Adenoviridae,Mastadenovirus,bat FBV1,Pteropus,dasymallus,N,PCR,[316],
Adenoviridae,unassigned,"bat PPV1, AdV",Pipistrellus,pipistrellus,N,virus isolation,[317],
Herpesviridae,unassigned,BatBHV-1,Myotis,nattereri,N,PCR,[374],
Herpesviridae,unassigned,BatBHV-1,Pipistrellus,pipistrellus,N,PCR,[374],
Coronaviridae,Coronavirus,BatCoV BB98-15,Rhinolophus,blasii,N,PCR,[338],
Coronaviridae,Coronavirus,BatCoV BB98-15,Rhinolophus,ferrumequinum,N,PCR,[338],
Coronaviridae,Coronavirus,BatCoV BNM98-30,Nyctalus,leisleri,N,PCR,[338],
Coronaviridae,Coronavirus,BatCoV HKU6,Myotis,daubentonii,N,PCR,[338],
Coronaviridae,Coronavirus,BatCoV HKU6,Myotis,myotis,N,PCR,[314],
Coronaviridae,Coronavirus,BatCoV HKU6,Myotis,pilosus,N,PCR,[338],
Coronaviridae,Coronavirus,BatCoV HKU7,Miniopterus,schreibersii,N,PCR,[338],
Coronaviridae,Coronavirus,BatCoV HKU7,Miniopterus,tristis,N,PCR,[338],
Herpesviridae,unassigned,BatGHV-1,Eptesicus,fuscus,N,PCR,[374],
Herpesviridae,unassigned,BatGHV-1,Myotis,nattereri,N,PCR,[374],
Herpesviridae,unassigned,BatGHV-1,Pipistrellus,nathusii,N,PCR,[374],
Herpesviridae,unassigned,BatGHV-1,Pipistrellus,pipistrellus,N,PCR,[374],
Herpesviridae,unassigned,BatGHV-2,Myotis,myotis,N,PCR,[374],
Herpesviridae,unassigned,BatGHV-2,Myotis,nattereri,N,PCR,[374],
Herpesviridae,unassigned,BatGHV-3,Myotis,myotis,N,PCR,[374],
Herpesviridae,unassigned,BatGHV-3,Myotis,nattereri,N,PCR,[374],
Herpesviridae,unassigned,BatGHV-3,Nyctalus,noctula,N,PCR,[374],
Herpesviridae,unassigned,BatGHV-4,Myotis,nattereri,N,PCR,[374],
Herpesviridae,unassigned,BatGHV-4,Nyctalus,noctula,N,PCR,[374],
Herpesviridae,unassigned,BatGHV-5,Pipistrellus,nathusii,N,PCR,[374],
Herpesviridae,unassigned,BatGHV-6,Pipistrellus,pipistrellus,N,PCR,[374],
Herpesviridae,unassigned,BatGHV-7,Plecotus,auritus,N,PCR,[374],
Bunyaviridae,unassigned,Bhanja virus,,,Y,isolation,[328],"genus, species not identified"
Bunyaviridae,Orthobunyavirus,Bimiti,Anoura,geoffroyi,N,antibodies,[321],
Bunyaviridae,Orthobunyavirus,Bimiti,Carollia,perspicillata,N,antibodies,[321],
Bunyaviridae,Orthobunyavirus,Bimiti,Natalus,tumidirostris,N,antibodies,[321],
Bunyaviridae,Orthobunyavirus,Bimiti,Phyllostomus,hastatus,N,antibodies,[321],
Bunyaviridae,Orthobunyavirus,Bimiti,Pteronotus,parnellii,N,antibodies,[321],
Reoviridae,Orthoreovirus,Broome virus,Pteropus,alecto,N,virus isolated,"[320, 390]",2002
Reoviridae,Orthoreovirus,Broome virus,Pteropus,scapulatus,N,isolation,"[320, 390]",
Flaviviridae,Flavivirus,Bukalasa bat virus,Tadarida,pumila,N,isolation,[320],
Flaviviridae,Flavivirus,Bussuguara,,,Y,antibodies,[351],"genus, species not identified"
Bunyaviridae,Orthobunyavirus,California encephalitis virus,Myotis,septentrionalis,Y,antibodies,[329],
Flaviviridae,Flavivirus,Carey Island virus,Cynopterus,brachyotis,N,virus isolated,"[320, 31]",
Flaviviridae,Flavivirus,Carey Island virus,Macroglossus,minimus,N,isolation,[320],
Bunyaviridae,Orthobunyavirus,Catu virus,Anoura,geoffroyi,Y,antibodies,[321],
Bunyaviridae,Orthobunyavirus,Catu virus,Carollia,perspicillata,Y,antibodies,[321],
Bunyaviridae,Orthobunyavirus,Catu virus,Molossus,molossus,Y,?,[328],
Bunyaviridae,Orthobunyavirus,Catu virus,Phyllostomus,hastatus,Y,antibodies,[321],
Flaviviridae,Flavivirus,Central European encephalitis virus,,,Y,isolation,[320],"genus, species not identified"
Togaviridae,Alphavirus,Chikungunya virus,Eidolon,,Y,isolation,"[320, 351]",species not given
Togaviridae,Alphavirus,Chikungunya virus,Hipposideros,caffer,Y,isolation,"[320, 351]",
Togaviridae,Alphavirus,Chikungunya virus,Rousettus,aegyptiacus,Y,isolation,"[320, 351]",
Togaviridae,Alphavirus,Chikungunya virus,Rousettus,leschenaultii,Y,isolation,[450],
Togaviridae,Alphavirus,Chikungunya virus,Scotophilus,,Y,isolation,"[320, 351]",species not given
Togaviridae,Alphavirus,Chikungunya virus,Tadarida,pumila,Y,isolation,"[320, 351]",
Togaviridae,Alphavirus,Chikungunya virus,Tadarida,,Y,isolation,"[320, 351]",species not given
Reoviridae,Orbivirus,Chobar Gorge virus,Nycteris,gambiensis,N,isolation,"[320, 118]",
Reoviridae,Orbivirus,Chobar Gorge virus,Nycteris,nana,N,isolation,"[320, 118]",
Rhabdoviridae,Vesiculovirus,Cocal,Phyllostomus,hastatus,Y,antibodies,[321],
Flaviviridae,Flavivirus,Dakar bat virus,Otomops,,N,isolation,"[320, 351]",species not identified
Flaviviridae,Flavivirus,Dakar bat virus,Scotophilus,nigrita,N,isolation,"[320, 351, 328]",
Flaviviridae,Flavivirus,Dakar bat virus,Tadarida,condylura,N,isolation,"[320, 351, 35]",
Flaviviridae,Flavivirus,Dakar bat virus,Tadarida,pumila,N,isolation,"[320, 351]",
Flaviviridae,Flavivirus,Dakar bat virus,Taphozous,perforatus,N,isolation,"[320, 351]",
Flaviviridae,Flavivirus,Dengue virus,Anoura,geoffroyi,Y,antibodies,[321],
Flaviviridae,Flavivirus,Dengue virus,Artibeus,cinereus,Y,antibodies,[321],
Flaviviridae,Flavivirus,Dengue virus,Artibeus,jamaicensis,Y,antibodies,[321],
Flaviviridae,Flavivirus,Dengue virus,Artibeus,lituratus,Y,antibodies,[321],
Flaviviridae,Flavivirus,Dengue virus,Carollia,brevicauda,Y,PCR,[352],
Flaviviridae,Flavivirus,Dengue virus,Carollia,perspicillata,Y,antibodies,[321],
Flaviviridae,Flavivirus,Dengue virus,Cynopterus,,Y,antibodies,[351],species not given
Flaviviridae,Flavivirus,Dengue virus,Desmodus,rotundus,Y,antibodies,[321],
Flaviviridae,Flavivirus,Dengue virus,Eonycteris,,Y,antibodies,[351],species not given
Flaviviridae,Flavivirus,Dengue virus,Hipposideros,,Y,antibodies,[351],species not given
Flaviviridae,Flavivirus,Dengue virus,Molossus,molossus,Y,antibodies,[321],
Flaviviridae,Flavivirus,Dengue virus,Molossus,rufus,Y,antibodies,[321],
Flaviviridae,Flavivirus,Dengue virus,Myotis,nigricans,Y,"antibodies, then PCR",[352],
Flaviviridae,Flavivirus,Dengue virus,Natalus,stramineus,Y,"antibodies, then PCR",[352],
Flaviviridae,Flavivirus,Dengue virus,Phyllostomus,hastatus,Y,antibodies,[321],
Flaviviridae,Flavivirus,Dengue virus,Pteronotus,davyi,Y,antibodies,[321],
Flaviviridae,Flavivirus,Dengue virus,Pteronotus,parnellii,Y,antibodies,[321],
Flaviviridae,Flavivirus,Dengue virus,Pteropus,alecto,Y,antibodies,"[351, 353]",
Flaviviridae,Flavivirus,Dengue virus,Pteropus,scapulatus,Y,antibodies,[354],under Pteropus gouldi (subspecies)
Flaviviridae,Flavivirus,Dengue virus,Rousettus,leschenaultii,Y,RT-PCR,[322],
Flaviviridae,Flavivirus,Dengue virus,Scotophilus,kuhlii,Y,antibodies,"[351, 357]",
Flaviviridae,Flavivirus,Dengue virus,Uroderma,,Y,antibodies,[355],species not given
Rhabdoviridae,Lyssavirus,Duvenhage virus,Miniopterus,schreibersii,Y,culture,"[322, 328, 400]",
Rhabdoviridae,Lyssavirus,Duvenhage virus,Nycteris,thebaica,Y,isolation,"[322, 328]",
Togaviridae,Alphavirus,Eastern equine encephalitis virus,Artibeus,jamaicensis,Y,antibodies,[365],
Togaviridae,Alphavirus,Eastern equine encephalitis virus,Artibeus,lituratus,Y,antibodies,[365],
Togaviridae,Alphavirus,Eastern equine encephalitis virus,Carollia,perspicillata,Y,"antibodies, HI postive sera, neutralization test negative",[321],
Togaviridae,Alphavirus,Eastern equine encephalitis virus,Eptesicus,fuscus,Y,antibodies,[351],
Togaviridae,Alphavirus,Eastern equine encephalitis virus,Glossophaga,soricina,Y,antibodies,[365],
Togaviridae,Alphavirus,Eastern equine encephalitis virus,Lasiurus,cinereus,Y,isolation,"[351, 329]",
Togaviridae,Alphavirus,Eastern equine encephalitis virus,Myotis,lucifugus,Y,antibodies,[351],
Togaviridae,Alphavirus,Eastern equine encephalitis virus,Myotis,septentrionalis,Y,antibodies,[329],
Togaviridae,Alphavirus,Eastern equine encephalitis virus,Phyllostomus,hastatus,Y,"antibodies, HI postive sera, neutralization test negative",[321],
Togaviridae,Alphavirus,Eastern equine encephalitis virus,Platyrrhinus,helleri,Y,"antibodies, HI postive sera, neutralization test negative",[321],
Togaviridae,Alphavirus,Eastern equine encephalitis virus,Rhynchonycteris,naso,Y,antibodies,[365],
Togaviridae,Alphavirus,Eastern equine encephalitis virus,Sturnira,lilium,Y,antibodies,[365],
Togaviridae,Alphavirus,Eastern equine encephalitis virus,Tadarida,brasiliensis,Y,antibodies,"[351, 451, 454]",
Filoviridae,Ebolavirus,Ebola-Zaire virus,Eidolon,helvum,Y,antibodies,[347],
Filoviridae,Ebolavirus,Ebola-Zaire virus,Epomops,franqueti,Y,"antibodies, PCR","[348, 320]",
Filoviridae,Ebolavirus,Ebola-Zaire virus,Hypsignathus,monstrosus,Y,"antibodies, PCR","[348, 320]",
Filoviridae,Ebolavirus,Ebola-Zaire virus,Micropteropus,pusillus,Y,antibodies,[349],
Filoviridae,Ebolavirus,Ebola-Zaire virus,Myonycteris,torquata,Y,"antibodies, PCR","[348, 320]",
Filoviridae,Ebolavirus,Ebola-Zaire virus,Rousettus,aegyptiacus,Y,antibodies,[349],
Filoviridae,Ebolavirus,Ebola-Zaire virus,Tadarida,condylura,Y,antibodies,[349],
Flaviviridae,Flavivirus,Entebbe bat virus,Eidolon,,Y,isolation,"[320, 351]",species not given
Flaviviridae,Flavivirus,Entebbe bat virus,Pipistrellus,pipistrellus,Y,isolation,"[328, 356]",Sokoluk virus
Flaviviridae,Flavivirus,Entebbe bat virus,Rhinolophus,,Y,isolation,"[320, 351]",species not given
Flaviviridae,Flavivirus,Entebbe bat virus,Rousettus,,Y,isolation,"[320, 351]",species not given
Flaviviridae,Flavivirus,Entebbe bat virus,Tadarida,condylura,Y,isolation,"[320, 351]",
Flaviviridae,Flavivirus,Entebbe bat virus,Tadarida,pumila,Y,isolation,"[320, 351]",
Rhabdoviridae,Lyssavirus,European bat lyssavirus 1,Barbastella,barbastellus,Y,RT-PCR brain,[401],
Rhabdoviridae,Lyssavirus,European bat lyssavirus 1,Eptesicus,serotinus,Y,virus isolated,[320],
Rhabdoviridae,Lyssavirus,European bat lyssavirus 1,Miniopterus,schreibersii,Y,antibodies and PCR,"[320, 402]",
Rhabdoviridae,Lyssavirus,European bat lyssavirus 1,Myotis,myotis,Y,IFA,[401],
Rhabdoviridae,Lyssavirus,European bat lyssavirus 1,Myotis,nattereri,Y,isolation,[320],
Rhabdoviridae,Lyssavirus,European bat lyssavirus 1,Nyctalus,noctula,Y,isolation,[401],
Rhabdoviridae,Lyssavirus,European bat lyssavirus 1,Pipistrellus,nathusii,Y,isolation and antibodies,"[401, 403]",
Rhabdoviridae,Lyssavirus,European bat lyssavirus 1,Pipistrellus,pipistrellus,Y,isolation and antibodies,"[401, 403]",
Rhabdoviridae,Lyssavirus,European bat lyssavirus 1,Plecotus,auritus,Y,isolation and antibodies,"[404, 405]",
Rhabdoviridae,Lyssavirus,European bat lyssavirus 1,Rhinolophus,ferrumequinum,Y,isolation,"[320, 403]",
Rhabdoviridae,Lyssavirus,European bat lyssavirus 1,Rousettus,aegyptiacus,Y,isolation,[320],
Rhabdoviridae,Lyssavirus,European bat lyssavirus 1,Tadarida,teniotis,Y,antibodies,[401],
Rhabdoviridae,Lyssavirus,European bat lyssavirus 1,Vespertilio,murinus,Y,isolation,"[328, 403]",
Rhabdoviridae,Lyssavirus,European bat lyssavirus 2,Myotis,dasycneme,Y,isolation,"[320, 406]",
Rhabdoviridae,Lyssavirus,European bat lyssavirus 2,Myotis,daubentonii,Y,isolation,"[401, 406]",
Rhabdoviridae,Lyssavirus,European bat lyssavirus 2,Myotis,myotis,Y,isolation,[320],
Rhabdoviridae,Lyssavirus,European bat lyssavirus 2,Nyctalus,noctula,Y,isolation,[403],
Flaviviridae,unassigned,GB virus D,Pteropus,giganteus,N,PCR,[370],
Rhabdoviridae,unassigned,Gossas virus,Tadarida,,N,isolation,"[320, 35]",species not given
Bunyaviridae,Orthobunyavirus,Guama virus,Anoura,geoffroyi,Y,"antibodies, HI pos",[321],
Bunyaviridae,Orthobunyavirus,Guama virus,Artibeus,lituratus,Y,"antibodies, N pos",[321],
Bunyaviridae,Orthobunyavirus,Guama virus,Phyllostomus,hastatus,Y,"antibodies, HI pos and N pos",[321],
Bunyaviridae,Hantavirus,Hantaan virus,Eptesicus,serotinus,Y,virus isolated,"[320, 325]",
Bunyaviridae,Hantavirus,Hantaan virus,Rhinolophus,ferrumequinum,Y,virus isolated,"[320, 325]",
Paramyxoviridae,Henipavirus,Hendra virus,Dobsonia,anderseni,Y,antibodies,[377],
Paramyxoviridae,Henipavirus,Hendra virus,Dobsonia,moluccensis,Y,antibodies,[377],
Paramyxoviridae,Henipavirus,Hendra virus,Eidolon,dupreanum,Y,antibodies,[378],
Paramyxoviridae,Henipavirus,Hendra virus,Eidolon,helvum,Y,antibodies,[379],
Paramyxoviridae,Henipavirus,Hendra virus,Pteropus,admiralitatum,Y,antibodies,[377],
Paramyxoviridae,Henipavirus,Hendra virus,Pteropus,alecto,Y,isolation,[320],
Paramyxoviridae,Henipavirus,Hendra virus,Pteropus,capistratus,Y,antibodies,[377],
Paramyxoviridae,Henipavirus,Hendra virus,Pteropus,conspicillatus,Y,isolation,"[320, 377]",
Paramyxoviridae,Henipavirus,Hendra virus,Pteropus,hypomelanus,Y,antibodies,[377],
Paramyxoviridae,Henipavirus,Hendra virus,Pteropus,neohibernicus,Y,antibodies,[377],
Paramyxoviridae,Henipavirus,Hendra virus,Pteropus,poliocephalus,Y,isolation,[320],
Paramyxoviridae,Henipavirus,Hendra virus,Pteropus,rufus,Y,antibodies,[378],
Paramyxoviridae,Henipavirus,Hendra virus,Pteropus,scapulatus,Y,isolation,[320],
Adenoviridae,Mastadenovirus,Hipposideros adenovirus,Hipposideros,armiger,N,PCR,[315],
Reoviridae,Orbivirus,Ife virus,Eidolon,helvum,N,virus isolated,"[320, 389]",
Flaviviridae,Flavivirus,Ilheus virus,Anoura,geoffroyi,N,"antibodies, neutralization test positive",[321],
Flaviviridae,Flavivirus,Ilheus virus,Artibeus,cinereus,N,"antibodies, HI pos",[321],
Flaviviridae,Flavivirus,Ilheus virus,Artibeus,jamaicensis,N,"antibodies, HI pos, N test negative",[321],
Flaviviridae,Flavivirus,Ilheus virus,Artibeus,lituratus,N,"antibodies, HI pos, N test negative",[321],
Flaviviridae,Flavivirus,Ilheus virus,Carollia,perspicillata,N,"antibodies, HI pos & neutralization test positive","[351, 321]",
Flaviviridae,Flavivirus,Ilheus virus,Desmodus,rotundus,N,"antibodies, HI pos, N test negative",[321],
Flaviviridae,Flavivirus,Ilheus virus,Glossophaga,soricina,N,"antibodies, HI pos & neutralization test positive","[351, 321]",
Flaviviridae,Flavivirus,Ilheus virus,Molossus,molossus,N,"antibodies, HI pos",[321],
Flaviviridae,Flavivirus,Ilheus virus,Molossus,rufus,N,"antibodies, HI pos, N test negative",[321],
Flaviviridae,Flavivirus,Ilheus virus,Natalus,tumidirostris,N,"antibodies, HI pos",[321],
Flaviviridae,Flavivirus,Ilheus virus,Phyllostomus,hastatus,N,"antibodies, HI pos & neutralization test positive",[321],
Flaviviridae,Flavivirus,Ilheus virus,Platyrrhinus,helleri,N,"antibodies, HI pos",[321],
Flaviviridae,Flavivirus,Ilheus virus,Pteronotus,davyi,N,"antibodies, HI pos & neutralization test positive",[321],
Flaviviridae,Flavivirus,Ilheus virus,Pteronotus,parnellii,N,"antibodies, HI pos",[321],
Orthomyxiviridae,Influenzavirus A,Influenzavirus A virus,Cynopterus,sphinx,Y,antibodies,[375],
Orthomyxiviridae,Influenzavirus A,Influenzavirus A virus,Megaderma,lyra,Y,antibodies,[322],
Orthomyxiviridae,Influenzavirus A,Influenzavirus A virus,Nyctalus,noctula,Y,culture,"[320, 322]",
Orthomyxiviridae,Influenzavirus A,Influenzavirus A virus,Pipistrellus,ceylonicus,Y,antibodies,[322],
Orthomyxiviridae,Influenzavirus A,Influenzavirus A virus,Rousettus,leschenaultii,Y,antibodies,[322],
Rhabdoviridae,Lyssavirus,Irkut virus,Murina,leucogaster,N,isolation,"[320, 407]",
Rhabdoviridae,Lyssavirus,Irkut virus,Pteropus,lylei,N,antibodies,[395],may cross-react with 4 diff viruses
Flaviviridae,Flavivirus,Israel Turkey meningoencephalitis virus,Rousettus,,Y,antibodies,[351],species not given
Bunyaviridae,unassigned,Issyk-kul,Cynopterus,brachyotis,Y,isolation,[320],
Bunyaviridae,unassigned,Issyk-kul,Eonycteris,spelaea,Y,isolation,[320],
Bunyaviridae,unassigned,Issyk-kul,Eptesicus,serotinus,Y,isolation,"[320, 333]",
Bunyaviridae,unassigned,Issyk-kul,Hipposideros,diadema,Y,isolation,[320],
Bunyaviridae,unassigned,Issyk-kul,Myotis,blythii,Y,isolation,"[320, 333]",
Bunyaviridae,unassigned,Issyk-kul,Nyctalus,noctula,Y,isolation,"[320, 333]",
Bunyaviridae,unassigned,Issyk-kul,Pipistrellus,pipistrellus,Y,isolation,[320],
Bunyaviridae,unassigned,Issyk-kul,Rhinolophus,ferrumequinum,Y,isolation,[320],
Bunyaviridae,unassigned,Issyk-kul,Rhinolophus,horsfeldi,Y,isolation,[320],
Bunyaviridae,unassigned,Issyk-kul,Rhinolophus,lepidus,Y,isolation,[320],
Bunyaviridae,unassigned,Issyk-kul,Scotophilus,kuhlii,Y,isolation,"[320, 334]","(Scotophilus temmincki), AKA keterah virus"
Bunyaviridae,unassigned,Issyk-kul,Tadarida,plicata,Y,isolation,[320],
Bunyaviridae,unassigned,Issyk-kul,Taphozous,melanopogon,Y,isolation,[320],
Reoviridae,Orbivirus,Japanaut virus,Syconycteris,australis,N,isolation,[320],
Flaviviridae,Flavivirus,Japanese encephalitis virus,Cynopterus,sphinx,Y,isolation,"[320, 351, 357]",Sulkin 1974 says C. brachyotis
Flaviviridae,Flavivirus,Japanese encephalitis virus,Hipposideros,armiger,Y,isolation,"[320, 351, 322]",
Flaviviridae,Flavivirus,Japanese encephalitis virus,Hipposideros,bicolor,Y,antibodies,[358],
Flaviviridae,Flavivirus,Japanese encephalitis virus,Hipposideros,cineraceus,Y,antibodies,[358],
Flaviviridae,Flavivirus,Japanese encephalitis virus,Hipposideros,pomona,Y,antibodies,[358],
Flaviviridae,Flavivirus,Japanese encephalitis virus,Hipposideros,speoris,Y,antibodies,[358],
Flaviviridae,Flavivirus,Japanese encephalitis virus,Miniopterus,schreibersii,Y,isolation,"[320, 351, 322]",
Flaviviridae,Flavivirus,Japanese encephalitis virus,Murina,leucogaster,Y,antibodies,[359],
Flaviviridae,Flavivirus,Japanese encephalitis virus,Myotis,macrodactylus,Y,antibodies,[359],
Flaviviridae,Flavivirus,Japanese encephalitis virus,Myotis,mystacinus,Y,antibodies,[359],
Flaviviridae,Flavivirus,Japanese encephalitis virus,Pipistrellus,abramus,Y,antibodies,[359],
Flaviviridae,Flavivirus,Japanese encephalitis virus,Plecotus,auritus,Y,antibodies,[359],
Flaviviridae,Flavivirus,Japanese encephalitis virus,Pteropus,alecto,Y,antibodies,[354],under Pteropus gouldi (subspecies)
Flaviviridae,Flavivirus,Japanese encephalitis virus,Pteropus,scapulatus,Y,antibodies in Rowan,"[320, 351, 354]",
Flaviviridae,Flavivirus,Japanese encephalitis virus,Rhinolophus,ferrumequinum,Y,antibodies,"[320, 351, 359]",
Flaviviridae,Flavivirus,Japanese encephalitis virus,Rhinolophus,pusillus,Y,isolation,"[320, 351, 322]",
Flaviviridae,Flavivirus,Japanese encephalitis virus,Rhinolophus,rouxii,Y,antibodies,[358],
Flaviviridae,Flavivirus,Japanese encephalitis virus,Rousettus,leschenaultii,Y,antibodies,[358],
Flaviviridae,Flavivirus,Japanese encephalitis virus,Taphozous,melanopogon,Y,antibodies,[358],
Flaviviridae,Flavivirus,Japanese encephalitis virus,Vespertilio,sinensis,Y,isolation,"[320, 351, 360]",
Flaviviridae,Flavivirus,Jugra virus,Cynopterus,brachyotis,N,isolation,"[320, 31]",
Picornaviridae,unassigned,Juruaca virus, Unidentified bat ,,N,isolation,[320],"genus, species not given "
Bunyaviridae,Orthobunyavirus,Kaeng Khoi virus,Tadarida,plicata,Y,isolation,"[320, 322]",
Bunyaviridae,Orthobunyavirus,Kaeng Khoi virus,Taphozous,perforatus,Y,isolation,[322],
Bunyaviridae,unassigned,Kasokero virus,Rousettus,aegyptiacus,Y,isolation,"[320, 335]",
Rhabdoviridae,unassigned,Kern Canyon virus,Myotis,yumanensis,N,isolation,"[320, 447]",
Rhabdoviridae,Lyssavirus,Khujand virus,Myotis,mystacinus,N,isolation,"[320, 408]",
Rhabdoviridae,Lyssavirus,Khujand virus,Pteropus,lylei,N,antibodies,[395],may cross-react with 4 diff viruses
Flaviviridae,Flavivirus,Kyasanur Forest disease virus,Cynopterus,sphinx,Y,culture,"[320, 351, 322]",
Flaviviridae,Flavivirus,Kyasanur Forest disease virus,Eonycteris,spelaea,Y,neutralizing antibodies,[361],
Flaviviridae,Flavivirus,Kyasanur Forest disease virus,Hipposideros,lankadiva,Y,neutralizing antibodies,[362],
Flaviviridae,Flavivirus,Kyasanur Forest disease virus,Hipposideros,speoris,Y,neutralizing antibodies,[362],
Flaviviridae,Flavivirus,Kyasanur Forest disease virus,Miniopterus,schreibersii,Y,neutralizing antibodies,[362],
Flaviviridae,Flavivirus,Kyasanur Forest disease virus,Pteropus,,Y,isolation,"[320, 351]",species not given
Flaviviridae,Flavivirus,Kyasanur Forest disease virus,Rhinolophus,rouxii,Y,isolation,"[320, 351, 322]",
Flaviviridae,Flavivirus,Kyasanur Forest disease virus,Rousettus,leschenaultii,Y,neutralizing antibodies,"[320, 351, 361]",
Rhabdoviridae,Lyssavirus,Lagos bat virus,Eidolon,helvum,Y,isolation,[320],
Rhabdoviridae,Lyssavirus,Lagos bat virus,Epomophorus,gambianus,Y,antibodies,[409],
Rhabdoviridae,Lyssavirus,Lagos bat virus,Epomophorus,wahlbergi,Y,isolation,"[320, 410]",
Rhabdoviridae,Lyssavirus,Lagos bat virus,Epomops,dobsonii,Y,isolation,"[320, 411]",
Rhabdoviridae,Lyssavirus,Lagos bat virus,Micropteropus,pusillus,Y,isolation,[320],
Rhabdoviridae,Lyssavirus,Lagos bat virus,Nycteris,gambiensis,Y,isolation,"[320, 412]",
Rhabdoviridae,Lyssavirus,Lagos bat virus,Rousettus,aegyptiacus,Y,isolation,[400],
Filoviridae,Marburgvirus,Lake Victoria marburg virus,Hypsignathus,monstrosus,Y,antibodies,[349],
Filoviridae,Marburgvirus,Lake Victoria marburg virus,Miniopterus,inflatus,Y,PCR,[350],
Filoviridae,Marburgvirus,Lake Victoria marburg virus,Rhinolophus,eloquens,Y,ELISA and PCR,"[348, 350]",
Filoviridae,Marburgvirus,Lake Victoria marburg virus,Rousettus,aegyptiacus,Y,ELISA and PCR,"[348, 350]",
Bunyaviridae,Orthobunyavirus,Manzanilla,Molossus,rufus,N,"antibodies, HI pos",[321],
Paramyxoviridae,Rubulavirus,Mapuera virus,Sturnira,lilium,Y,culture,"[320, 322]",
Bunyaviridae,Orthobunyavirus,Marituba virus,Artibeus,jamaicensis,Y,isolation,"[320, 330]",both Restan & Nepuyo viruses
Bunyaviridae,Orthobunyavirus,Marituba virus,Artibeus,lituratus,Y,isolation,"[320, 330]",both Restan & Nepuyo viruses
Bunyaviridae,Orthobunyavirus,Marituba virus,Carollia,perspicillata,Y,"antibodies, HI positive",[321],
Bunyaviridae,Orthobunyavirus,Marituba virus,Phyllostomus,hastatus,Y,"antibodies, HI pos & N test pos",[321],
Togaviridae,Alphavirus,Mayaro virus,Carollia,,Y,antibodies,[351],species not given
Paramyxoviridae,unassigned,Menangle virus,Pteropus,alecto,Y,isolation,"[322, 386]",
Paramyxoviridae,unassigned,Menangle virus,Pteropus,conspicillatus,Y,antibodies,[387],
Paramyxoviridae,unassigned,Menangle virus,Pteropus,poliocephalus,Y,isolation,"[320, 322]",
Paramyxoviridae,unassigned,Menangle virus,Pteropus,scapulatus,Y,antibodies,[387],
Coronaviridae,Coronavirus,Miniopterus bat coronavirus 1,Miniopterus,magnater,N,PCR,[322],
Coronaviridae,Coronavirus,Miniopterus bat coronavirus 1,Miniopterus,pusillus,N,PCR,[322],
Coronaviridae,Coronavirus,Miniopterus bat coronavirus 1,Miniopterus,schreibersii,N,PCR,[322],
Coronaviridae,Coronavirus,Miniopterus bat coronavirus HKU8,Miniopterus,pusillus,N,PCR,[322],
Coronaviridae,Coronavirus,Miniopterus bat coronavirus HKU8,Miniopterus,schreibersii,N,PCR,[338],
Bunyaviridae,Orthobunyavirus,Mojui dos Campos virus, Unidentified bat ,,N,isolation,"[320, 322]",species not given
Rhabdoviridae,Lyssavirus,Mokola virus,Eidolon,helvum,Y,antibodies,[413],
Flaviviridae,Flavivirus,Montana myotis leucoencephalitis virus,Myotis,lucifugus,N,isolation,"[320, 322]",1964
Rhabdoviridae,Vesiculovirus,Mount Elgon bat virus,Rhinolophus,eloquens,N,isolation,[320],
Rhabdoviridae,Vesiculovirus,Mount Elgon bat virus,Rhinolophus,hildebrandti,N,isolation,[328],may be the same species as eloquens
Togaviridae,Alphavirus,Mucambo virus,Artibeus,,Y,antibodies,[351],species not given
Togaviridae,Alphavirus,Mucambo virus,Carollia,,Y,antibodies,[351],species not given
Togaviridae,Alphavirus,Mucambo virus,Molossus,rufus,Y,"antibodies, HI positive",[321],
Togaviridae,Alphavirus,Mucambo virus,Phyllostomus,hastatus,Y,"antibodies, HI positive",[321],
Flaviviridae,Flavivirus,Murray Valley encephalitis virus,Eptesicus,,Y,"antibodies, HI & N positive",[351],species not given
Flaviviridae,Flavivirus,Murray Valley encephalitis virus,Pteropus,scapulatus,Y,antibodies in Rowan,"[351, 354]",
Coronaviridae,Coronavirus,Myotis dasycneme coronavirus,Myotis,dasycneme,N,PCR,[339],
Adenoviridae,Mastadenovirus,Myotis horsfieldii adenovirus,Myotis,horsfieldii,N,PCR,[315],
Polyomaviridae,Polyomavirus,Myotis polyomavirus,Myotis,californicus,N,PCR,[345],
Polyomaviridae,Polyomavirus,Myotis polyomavirus,Myotis,lucifugus,N,PCR,[345],
Reoviridae,Orthoreovirus,Nelson Bay virus,Pteropus,poliocephalus,Y,isolation,"[320, 391, 322]",
Reoviridae,Orthoreovirus,Nelson Bay virus,Rousettus,leschenaultii,Y,isolation,"[320, 391]",
Coronaviridae,Coronavirus,new bat coronavirus,Rhinolophus,hipposideros,N,PCR,[340],most closely related to SARS-like cluster
Paramyxoviridae,Henipavirus,Nipah virus,Cynopterus,brachyotis,Y,antibodies,[328],
Paramyxoviridae,Henipavirus,Nipah virus,Eidolon,dupreanum,Y,antibodies,[378],
Paramyxoviridae,Henipavirus,Nipah virus,Eonycteris,spelaea,Y,antibodies,"[328, 380]",
Paramyxoviridae,Henipavirus,Nipah virus,Hipposideros,armiger,Y,antibodies,[453],
Paramyxoviridae,Henipavirus,Nipah virus,Pteropus,giganteus,Y,antibodies,[381],
Paramyxoviridae,Henipavirus,Nipah virus,Pteropus,hypomelanus,Y,antibodies,[320],
Paramyxoviridae,Henipavirus,Nipah virus,Pteropus,lylei,Y,antibodies,[382],
Paramyxoviridae,Henipavirus,Nipah virus,Pteropus,rufus,Y,antibodies,[378],
Paramyxoviridae,Henipavirus,Nipah virus,Pteropus,vampyrus,Y,isloation,[320],
Paramyxoviridae,Henipavirus,Nipah virus,Scotophilus,kuhlii,Y,neutralizing antibodies,[383],
Flaviviridae,Flavivirus,Ntaya virus,Eidolon,,N,HI antibodies,[351],species not given
Coronaviridae,Coronavirus,Nyctalus noctula coronavirus,Nyctalus,noctula,N,PCR,[339],
Rhabdoviridae,unassigned,Oita 296 virus,Rhinolophus,pusillus,N,isolation,"[320, 448]",
Bunyaviridae,Orthobunyavirus,Oriboca,Artibeus,lituratus,Y,HI antibodies,[321],
Herpesviridae,unassigned,Parixa virus,Lonchophylla,thomasi,N,isolation,[320],
Flaviviridae,Flavivirus,Phnom-Penh bat virus,Cynopterus,brachyotis,N,isolation,"[320, 363]",strain Batu Cave virus
Flaviviridae,Flavivirus,Phnom-Penh bat virus,Eonycteris,spelaea,N,isolation,"[320, 31]",
Coronaviridae,Coronavirus,Pipistrellus bat coronavirus HKU5,Pipistrellus,abramus,N,PCR,[322],
Coronaviridae,Coronavirus,Pipistrellus bat coronavirus HKU5,Pipistrellus,nathusii,N,PCR,[341],
Coronaviridae,Coronavirus,Pipistrellus bat coronavirus HKU5,Pipistrellus,pipistrellus,N,PCR,[342],
Coronaviridae,Coronavirus,Pipistrellus bat coronavirus HKU5,Pipistrellus,pygmaeus,N,PCR,[341],
Togaviridae,Alphavirus,Pixuna virus,,,Y,HI antibodies,[351],"genus, species not given "
Paramyxoviridae,Rubulavirus,Porcine rubulavirus,Rhogeessa,parvula,N,antibodies,[384],La-Piedad-Michoacan paramyxovirus (LPMV) infectes pigs
Reoviridae,Orthoreovirus,Pulau virus,Pteropus,hypomelanus,Y,isolation,"[320, 392]",
Bunyaviridae,Hantavirus,Puumala,Rhinolophus,ferrumequinum,Y,RT-PCR on lung tissue with universal hantavirus primers,"[326, 327]",
Bunyaviridae,Nairovirus,Qalyub,Scotophilus,nigrita,N,not stated,[328],"reference in French, Bandia strain"
Rhabdoviridae,Lyssavirus,Rabies virus,Anoura,caudifer,Y,isolation? ,[414],Cited paper not in English
Rhabdoviridae,Lyssavirus,Rabies virus,Anoura,geoffroyi,Y,isolation?,[414],Cited paper not in English
Rhabdoviridae,Lyssavirus,Rabies virus,Antrozous,pallidus,Y,virus isolated in brain tissue,"[415, 416]",
Rhabdoviridae,Lyssavirus,Rabies virus,Artibeus,fimbriatus,Y,DIF & mouse inoculation test,[417],
Rhabdoviridae,Lyssavirus,Rabies virus,Artibeus,jamaicensis,Y,isolation,[418],
Rhabdoviridae,Lyssavirus,Rabies virus,Artibeus,lituratus,Y,mouse inoculation test,"[417, 418]",
Rhabdoviridae,Lyssavirus,Rabies virus,Artibeus,phaeotis,Y,antibodies,[384],
Rhabdoviridae,Lyssavirus,Rabies virus,Artibeus,planirostris,Y,isolation,"[417, 419]",
Rhabdoviridae,Lyssavirus,Rabies virus,Carollia,perspicillata,Y,antibodies,[420],
Rhabdoviridae,Lyssavirus,Rabies virus,Chrotopterus,auritus,Y,isolation?,[414],Cited paper not in English
Rhabdoviridae,Lyssavirus,Rabies virus,Corynorhinus,townsendii,Y,isolation,"[415, 421]",
Rhabdoviridae,Lyssavirus,Rabies virus,Cynomops,abrasus,Y,mouse inoculation test,[414],
Rhabdoviridae,Lyssavirus,Rabies virus,Cynomops,planirostris,Y,isolation?,[414],Cited paper not in English
Rhabdoviridae,Lyssavirus,Rabies virus,Desmodus,rotundus,Y,isolation,"[422, 423]",
Rhabdoviridae,Lyssavirus,Rabies virus,Diaemus,youngi,Y,isolation,"[414, 424]",
Rhabdoviridae,Lyssavirus,Rabies virus,Diphylla,ecaudata,Y,isolation,[425],
Rhabdoviridae,Lyssavirus,Rabies virus,Eptesicus,brasiliensis,Y,isolation,"[414, 426]",
Rhabdoviridae,Lyssavirus,Rabies virus,Eptesicus,diminutus,Y,isolation,"[414, 422]",
Rhabdoviridae,Lyssavirus,Rabies virus,Eptesicus,furinalis,Y,isolation,[417],
Rhabdoviridae,Lyssavirus,Rabies virus,Eptesicus,fuscus,Y,isolation,[415],
Rhabdoviridae,Lyssavirus,Rabies virus,Euderma,maculatum,Y,isolation,[421],
Rhabdoviridae,Lyssavirus,Rabies virus,Eumops,auripendulus,Y,antibodies,[420],
Rhabdoviridae,Lyssavirus,Rabies virus,Eumops,glaucinus,Y,isolation,[427],
Rhabdoviridae,Lyssavirus,Rabies virus,Eumops,patagonicus,Y,antibodies and PCR,[428],
Rhabdoviridae,Lyssavirus,Rabies virus,Eumops,perotis,Y,isolation,[421],
Rhabdoviridae,Lyssavirus,Rabies virus,Glossophaga,morenoi,Y,antibodies,[384],
Rhabdoviridae,Lyssavirus,Rabies virus,Glossophaga,soricina,Y,antibodies,[420],
Rhabdoviridae,Lyssavirus,Rabies virus,Histiotus,montanus,Y,PCR,[429],
Rhabdoviridae,Lyssavirus,Rabies virus,Histiotus,velatus,Y,antibodies,[420],
Rhabdoviridae,Lyssavirus,Rabies virus,Lasionycteris,noctivagans,Y,isolation,"[415, 430]",
Rhabdoviridae,Lyssavirus,Rabies virus,Lasiurus,blossevillii,Y,PCR,[415],
Rhabdoviridae,Lyssavirus,Rabies virus,Lasiurus,borealis,Y,isolation,"[421, 431]",
Rhabdoviridae,Lyssavirus,Rabies virus,Lasiurus,cinereus,Y,antigen,[422],
Rhabdoviridae,Lyssavirus,Rabies virus,Lasiurus,ega,Y,isolation,[432],
Rhabdoviridae,Lyssavirus,Rabies virus,Lasiurus,egregius,Y,isolation?,[414],Cited paper not in English
Rhabdoviridae,Lyssavirus,Rabies virus,Lasiurus,intermedius,Y,PCR,"[415, 421]",
Rhabdoviridae,Lyssavirus,Rabies virus,Lasiurus,seminolus,Y,PCR,"[415, 421]",
Rhabdoviridae,Lyssavirus,Rabies virus,Lasiurus,xanthinus,Y,PCR,[415],
Rhabdoviridae,Lyssavirus,Rabies virus,Leptonycteris,curasoae,Y,antibodies,[384],
Rhabdoviridae,Lyssavirus,Rabies virus,Leptonycteris,nivalis,Y,isolation,[421],
Rhabdoviridae,Lyssavirus,Rabies virus,Lonchorhina,aurita,Y,isolation?,[414],Cited paper not in English
Rhabdoviridae,Lyssavirus,Rabies virus,Lophostoma,brasiliense,Y,isolation?,[414],Cited paper not in English
Rhabdoviridae,Lyssavirus,Rabies virus,Macrotus,californicus,Y,isolation,[421],
Rhabdoviridae,Lyssavirus,Rabies virus,Micronycteris,megalotis,Y,antibodies,[384],
Rhabdoviridae,Lyssavirus,Rabies virus,Molossops,neglectus,Y,fluorescent antibody test & mouse inoculation test,[433],
Rhabdoviridae,Lyssavirus,Rabies virus,Molossus,molossus,Y,isolation,"[417, 426]",
Rhabdoviridae,Lyssavirus,Rabies virus,Molossus,rufus,Y,immunofluorescence,[434],
Rhabdoviridae,Lyssavirus,Rabies virus,Mormoops,megalophylla,Y,antigen,[421],
Rhabdoviridae,Lyssavirus,Rabies virus,Myotis,albescens,Y,antigen,"[414, 435]",
Rhabdoviridae,Lyssavirus,Rabies virus,Myotis,austroriparius,Y,antigen,[421],
Rhabdoviridae,Lyssavirus,Rabies virus,Myotis,californicus,Y,"antigen, PCR","[415, 421]",
Rhabdoviridae,Lyssavirus,Rabies virus,Myotis,evotis,Y,isolation,[421],
Rhabdoviridae,Lyssavirus,Rabies virus,Myotis,grisescens,Y,mouse inoculation test,"[421, 436]",
Rhabdoviridae,Lyssavirus,Rabies virus,Myotis,leibii,Y,isolation,[421],
Rhabdoviridae,Lyssavirus,Rabies virus,Myotis,levis,Y,isolation?,[414],Cited paper not in English
Rhabdoviridae,Lyssavirus,Rabies virus,Myotis,lucifugus,Y,isolatoin,"[421, 437]",
Rhabdoviridae,Lyssavirus,Rabies virus,Myotis,nigricans,Y,antibodies and PCR,[428],
Rhabdoviridae,Lyssavirus,Rabies virus,Myotis,riparius,Y,"isolation, antibodies then PCR",[433],
Rhabdoviridae,Lyssavirus,Rabies virus,Myotis,septentrionalis,Y,isolation,[438],
Rhabdoviridae,Lyssavirus,Rabies virus,Myotis,thysanodes,Y,IFA,"[421, 439]",
Rhabdoviridae,Lyssavirus,Rabies virus,Myotis,velifer,Y,isolation,"[421, 416]",
Rhabdoviridae,Lyssavirus,Rabies virus,Myotis,volans,Y,IFA,[440],
Rhabdoviridae,Lyssavirus,Rabies virus,Myotis,yumanensis,Y,isolation,"[421, 415]",
Rhabdoviridae,Lyssavirus,Rabies virus,Nyctalus,noctula,Y,isolation,[441],
Rhabdoviridae,Lyssavirus,Rabies virus,Nycticeius,humeralis,Y,IFA,[421],
Rhabdoviridae,Lyssavirus,Rabies virus,Nyctinomops,laticaudatus,Y,isolation,"[420, 417]",
Rhabdoviridae,Lyssavirus,Rabies virus,Nyctinomops,macrotis,Y,isolation,[421],
Rhabdoviridae,Lyssavirus,Rabies virus,Phyllostomus,hastatus,Y,isolation,[442],
Rhabdoviridae,Lyssavirus,Rabies virus,Pipistrellus,hesperus,Y,isolation,"[421, 443]",
Rhabdoviridae,Lyssavirus,Rabies virus,Pipistrellus,subflavus,Y,isolation,[421],
Rhabdoviridae,Lyssavirus,Rabies virus,Platyrrhinus,lineatus,Y,isolation,[414],
Rhabdoviridae,Lyssavirus,Rabies virus,Pteronotus,parnellii,Y,antibodies,[384],
Rhabdoviridae,Lyssavirus,Rabies virus,Rhinolophus,ferrumequinum,Y,antibodies,[444],
Rhabdoviridae,Lyssavirus,Rabies virus,Rhinolophus,pusillus,Y,antibodies,[444],
Rhabdoviridae,Lyssavirus,Rabies virus,Rousettus,leschenaultii,Y,antibodies,[444],
Rhabdoviridae,Lyssavirus,Rabies virus,Sturnira,lilium,Y,antibodies,[420],
Rhabdoviridae,Lyssavirus,Rabies virus,Tadarida,brasiliensis,Y,isolation,[421],
Rhabdoviridae,Lyssavirus,Rabies virus,Trachops,cirrhosus,Y,isolation?,[414],in Spanish
Rhabdoviridae,Lyssavirus,Rabies virus,Uroderma,bilobatum,Y,isolation,[445],
Rhabdoviridae,Lyssavirus,Rabies virus,Vespertilio,murinus,Y,isolation,[441],
Adenoviridae,Mastadenovirus,Rhinolophus adenovirus,Rhinolophus,ferrumequinum,N,PCR,[316],
Coronaviridae,Coronavirus,Rhinolophus bat coronavirus HKU2,Rhinolophus,blasii,N,PCR,[338],
Coronaviridae,Coronavirus,Rhinolophus bat coronavirus HKU2,Rhinolophus,euryale,N,PCR,[338],
Coronaviridae,Coronavirus,Rhinolophus bat coronavirus HKU2,Rhinolophus,ferrumequinum,N,PCR,[342],
Coronaviridae,Coronavirus,Rhinolophus bat coronavirus HKU2,Rhinolophus,macrotis,N,PCR,[342],
Coronaviridae,Coronavirus,Rhinolophus bat coronavirus HKU2,Rhinolophus,pearsonii,N,PCR,[342],
Coronaviridae,Coronavirus,Rhinolophus bat coronavirus HKU2,Rhinolophus,sinicus,N,PCR,[322],
Bunyaviridae,Phlebovirus,Rift Valley fever virus,Epomops,franqueti,Y,isolation,[320],
Bunyaviridae,Phlebovirus,Rift Valley fever virus,Glauconycteris,argentata,Y,isolation,[320],
Bunyaviridae,Phlebovirus,Rift Valley fever virus,Hipposideros,abae,Y,isolation,"[320, 331]",
Bunyaviridae,Phlebovirus,Rift Valley fever virus,Hipposideros,caffer,Y,isolation,[320],
Bunyaviridae,Phlebovirus,Rift Valley fever virus,Micropteropus,pusillus,Y,isolation,"[320, 331]",
Bunyaviridae,Phlebovirus,Rift Valley fever virus,Miniopterus,schreibersii,Y,isolation,[320],
Flaviviridae,Flavivirus,Rio Bravo virus,Anoura,geoffroyi,Y,"antibodies, HI pos ",[364],
Flaviviridae,Flavivirus,Rio Bravo virus,Carollia,perspicillata,Y,"antibodies, HI pos ",[364],
Flaviviridae,Flavivirus,Rio Bravo virus,Eptesicus,fuscus,Y,"antibodies, virus isolated","[320, 365, 32]",
Flaviviridae,Flavivirus,Rio Bravo virus,Molossus,molossus,Y,"antibodies, HI pos ",[364],
Flaviviridae,Flavivirus,Rio Bravo virus,Molossus,rufus,Y,virus isolated,"[32, 364]",
Flaviviridae,Flavivirus,Rio Bravo virus,Mormoops,megalophylla,Y,"antibodies, HI pos ",[364],
Flaviviridae,Flavivirus,Rio Bravo virus,Natalus,tumidirostris,Y,"antibodies, HI & N pos ",[364],
Flaviviridae,Flavivirus,Rio Bravo virus,Phyllostomus,discolor,Y,"antibodies, HI pos ",[364],
Flaviviridae,Flavivirus,Rio Bravo virus,Pteronotus,davyi,Y,"antibodies, HI pos ",[364],
Flaviviridae,Flavivirus,Rio Bravo virus,Pteronotus,parnellii,Y,"antibodies, HI & N pos ",[364],
Flaviviridae,Flavivirus,Rio Bravo virus,Tadarida,brasiliensis,Y,isolation,"[320, 322]",
Coronaviridae,Coronavirus,Rocky Mountain bat coronavirus,Eptesicus,fuscus,N,PCR,[343],
Coronaviridae,Coronavirus,Rocky Mountain bat coronavirus,Myotis,evotis,N,PCR,[344],
Coronaviridae,Coronavirus,Rocky Mountain bat coronavirus,Myotis,lucifugus,N,PCR,[345],
Coronaviridae,Coronavirus,Rocky Mountain bat coronavirus,Myotis,occultus,N,PCR,[343],
Coronaviridae,Coronavirus,Rocky Mountain bat coronavirus,Myotis,volans,N,PCR,[344],
Papillomaviridae,unassigned,Rousettus aegyptiacus papillomavirus type 1,Rousettus,aegyptiacus,N,isolation then PCR,[376],
Coronaviridae,Coronavirus,Rousettus bat coronavirus HKU9,Rousettus,leschenaultii,N,PCR,[346],
Adenoviridae,unassigned,Ryukyu virus,Pteropus,dasymallus,N,isolation,[318],
Flaviviridae,Flavivirus,Saboya virus,Nycteris,gambiensis,N,isolation,"[320, 366]",
Coronaviridae,Coronavirus,SARS coronavirus,Rhinolophus,ferrumequinum,Y,PCR,[322],
Coronaviridae,Coronavirus,SARS coronavirus,Rhinolophus,macrotis,Y,PCR,[322],
Coronaviridae,Coronavirus,SARS coronavirus,Rhinolophus,pearsonii,Y,PCR,[322],
Coronaviridae,Coronavirus,SARS coronavirus,Rhinolophus,pusillus,Y,PCR,[322],
Coronaviridae,Coronavirus,SARS coronavirus,Rhinolophus,sinicus,Y,PCR,[322],
Coronaviridae,Coronavirus,SARS coronavirus,Rousettus,leschenaultii,Y,PCR,[322],
Coronaviridae,Coronavirus,SARS coronavirus-related,Rhinolophus,blasii,N,PCR,[338],
Coronaviridae,Coronavirus,SARS coronavirus-related,Rhinolophus,euryale,N,PCR,[338],
Coronaviridae,Coronavirus,SARS coronavirus-related,Rhinolophus,mehelyi,N,PCR,[338],
Adenoviridae,Mastadenovirus,Scotophilus adenovirus,Scotophilus,kuhlii,N,PCR,[315],
Coronaviridae,Coronavirus,Scotophilus bat coronavirus 512,Scotophilus,kuhlii,N,PCR,[342],
Togaviridae,Alphavirus,Semliki Forest virus,Tadarida,,Y,HI antibodies,[351],species not given
Rhabdoviridae,Lyssavirus,Shimoni bat virus,Hipposideros,commersoni,N,isolation,[446],
Herpesviridae,Simplexvirus,simplexvirus,Eidolon,helvum,N,isolation,[371],
Togaviridae,Alphavirus,Sindbis virus,Hipposideridae sp.,,Y,isolation,[320],"genus, species not given"
Togaviridae,Alphavirus,Sindbis virus,Rhinolophidae sp.,,Y,isolation then PCR,[320],"genus, species not given"
Flaviviridae,Flavivirus,St. Louis encephalitis virus,Anoura,geoffroyi,Y,"antibodies, HI pos ",[321],
Flaviviridae,Flavivirus,St. Louis encephalitis virus,Artibeus,jamaicensis,Y,"antibodies, HI & N pos ","[321, 365]",
Flaviviridae,Flavivirus,St. Louis encephalitis virus,Artibeus,lituratus,Y,"antibodies, HI pos ",[321],
Flaviviridae,Flavivirus,St. Louis encephalitis virus,Artibeus,phaeotis,Y,neutralizing antibodies,[365],
Flaviviridae,Flavivirus,St. Louis encephalitis virus,Carollia,perspicillata,Y,"antibodies, HI pos ",[321],
Flaviviridae,Flavivirus,St. Louis encephalitis virus,Eptesicus,fuscus,Y,antibodies,[322],
Flaviviridae,Flavivirus,St. Louis encephalitis virus,Glossophaga,soricina,Y,neutralizing antibodies,[365],
Flaviviridae,Flavivirus,St. Louis encephalitis virus,Molossus,molossus,Y,"antibodies, HI pos ",[321],
Flaviviridae,Flavivirus,St. Louis encephalitis virus,Molossus,rufus,Y,"HI pos, N test neg",[321],
Flaviviridae,Flavivirus,St. Louis encephalitis virus,Myotis,lucifugus,Y,antibodies,[322],
Flaviviridae,Flavivirus,St. Louis encephalitis virus,Natalus,tumidirostris,Y,"antibodies, HI pos ",[321],
Flaviviridae,Flavivirus,St. Louis encephalitis virus,Phyllostomus,hastatus,Y,"antibodies, HI pos ",[321],
Flaviviridae,Flavivirus,St. Louis encephalitis virus,Pteronotus,davyi,Y,"antibodies, HI pos ",[321],
Flaviviridae,Flavivirus,St. Louis encephalitis virus,Pteronotus,parnellii,Y,"antibodies, HI pos ",[321],
Flaviviridae,Flavivirus,St. Louis encephalitis virus,Rhinophylla,,Y,isolation,"[320, 351]",
Flaviviridae,Flavivirus,St. Louis encephalitis virus,Sturnira,lilium,Y,neutralizing antibodies,[365],
Flaviviridae,Flavivirus,St. Louis encephalitis virus,Tadarida,brasiliensis,Y,isolation,"[320, 351]",
Arenaviridae,Arenavirus,Tacaribe virus,Artibeus,jamaicensis,N,isolation,[320],
Arenaviridae,Arenavirus,Tacaribe virus,Artibeus,lituratus,N,antibodies,"[320, 321]",
Arenaviridae,Arenavirus,Tacaribe virus,Desmodus,rotundus,N,antibodies,[322],
Arenaviridae,Arenavirus,Tacaribe virus,Phyllostomus,hastatus,N,antibodies,[322],
Arenaviridae,Arenavirus,Tacaribe virus,Platyrrhinus,helleri,N,neutralizing antibodies,[321],
Arenaviridae,Arenavirus,Tacaribe virus,Sturnira,lilium,N,neutralizing antibodies,[321],
Arenaviridae,Arenavirus,Tacaribe virus,Tonatia,bidens,N,antibodies,[322],
Arenaviridae,Arenavirus,Tacaribe virus,Uroderma,bilobatum,N,antibodies,[322],
Flaviviridae,Flavivirus,Tamana bat virus,Anoura,geoffroyi,N,"antibodies, HI & N pos ",[364],
Flaviviridae,Flavivirus,Tamana bat virus,Artibeus,jamaicensis,N,"antibodies, HI pos ",[364],
Flaviviridae,Flavivirus,Tamana bat virus,Carollia,perspicillata,N,"antibodies, HI & N pos ",[364],
Flaviviridae,Flavivirus,Tamana bat virus,Desmodus,rotundus,N,"antibodies, HI & N pos ",[364],
Flaviviridae,Flavivirus,Tamana bat virus,Mimon,crenulatum,N,"antibodies, HI pos ",[364],
Flaviviridae,Flavivirus,Tamana bat virus,Molossus,rufus,N,"antibodies, HI pos ",[364],
Flaviviridae,Flavivirus,Tamana bat virus,Mormoops,megalophylla,N,"antibodies, HI & N pos ",[364],
Flaviviridae,Flavivirus,Tamana bat virus,Natalus,tumidirostris,N,"antibodies, HI & N pos ",[364],
Flaviviridae,Flavivirus,Tamana bat virus,Phyllostomus,discolor,N,"antibodies, HI & N pos ",[364],
Flaviviridae,Flavivirus,Tamana bat virus,Pteronotus,davyi,N,"antibodies, HI & N pos ",[364],
Flaviviridae,Flavivirus,Tamana bat virus,Pteronotus,parnellii,N,"virus isolated, ab found in humans, HI pos","[320, 321]",
Flaviviridae,Flavivirus,Tamana bat virus,Sturnira,lilium,N,"antibodies, HI pos ",[364],
Flaviviridae,Flavivirus,Tamana bat virus,Uroderma,bilobatum,N,"antibodies, HI pos ",[364],
Flaviviridae,Flavivirus,Tembusu virus,Pteropus,,N,neutralizing antibodies,[351],species not given
Flaviviridae,Flavivirus,Tick-borne encephalitis virus,Barbastella,,Y,antibodies,[351],species not given
Flaviviridae,Flavivirus,Tick-borne encephalitis virus,Myotis,,Y,antibodies,[351],species not given
Flaviviridae,Flavivirus,Tick-borne encephalitis virus,Plecotus,,Y,antibodies,[351],species not given
Flaviviridae,Flavivirus,Tick-borne encephalitis virus,Rhinolophus,,Y,antibodies,[351],species not given
Paramyxoviridae,unassigned,Tioman virus,Pteropus,hypomelanus,Y,isolation,[320],
Paramyxoviridae,unassigned,Tioman virus,Pteropus,rufus,Y,antibodies,[378],
Paramyxoviridae,unassigned,Tioman virus,Rousettus,madagascariensis,Y,antibodies,[378],
Bunyaviridae,Phlebovirus,Toscana virus,Pipistrellus,kuhlii,Y,isolation,"[320, 332, 322]",
Paramyxoviridae,Rubulavirus,Tuhokovirus 1,Rousettus,leschenaultii,N,PCR,[385],
Paramyxoviridae,Rubulavirus,Tuhokovirus 2,Rousettus,leschenaultii,N,PCR,[385],
Paramyxoviridae,Rubulavirus,Tuhokovirus 3,Rousettus,leschenaultii,N,PCR,[385],
Coronaviridae,Coronavirus,Tylonycteris bat coronavirus HKU4,Tylonycteris,pachypus,N,PCR,[322],
Flaviviridae,Flavivirus,Uganda S virus,Eidolon,,N,isolation,"[320, 351]",species not given
Flaviviridae,Flavivirus,Uganda S virus,Eptesicus,,N,isolation,"[320, 351]",species not given
Flaviviridae,Flavivirus,Uganda S virus,Miniopterus,,N,isolation,"[320, 351]",species not given
Flaviviridae,Flavivirus,Uganda S virus,Rousettus,,N,isolation,"[320, 351]",species not given
Flaviviridae,Flavivirus,Uganda S virus,Tadarida,,N,isolation,"[320, 351]",species not given
Flaviviridae,Flavivirus,Uganda S virus,,,N,isolation,"[320, 351]","genus, species not given"
Togaviridae,Alphavirus,Una virus,,,Y,antibodies,[351],"genus, species not given"
Rhabdoviridae,Lyssavirus,unidentified,Eonycteris,spelaea,N,antibodies,[395],
Flaviviridae,Flavivirus,Usutu virus,Eidolon,,Y,antibodies,[351],species not given
Flaviviridae,Flavivirus,Usutu virus,Rousettus,,Y,antibodies,[351],species not given
Togaviridae,Alphavirus,Venezuelan equine encephalitis virus,Artibeus,jamaicensis,Y,antibodies,[365],
Togaviridae,Alphavirus,Venezuelan equine encephalitis virus,Artibeus,lituratus,Y,"antibodies, HI pos ","[294, 292]",
Togaviridae,Alphavirus,Venezuelan equine encephalitis virus,Artibeus,phaeotis,Y,antibodies,"[320, 351, 322]",
Togaviridae,Alphavirus,Venezuelan equine encephalitis virus,Carollia,brevicauda,Y,neutralizing antibodies,[365],
Togaviridae,Alphavirus,Venezuelan equine encephalitis virus,Carollia,perspicillata,Y,isolation,"[320, 351, 452, 322]",
Togaviridae,Alphavirus,Venezuelan equine encephalitis virus,Carollia,subrufa,Y,neutralizing antibodies,[365],
Togaviridae,Alphavirus,Venezuelan equine encephalitis virus,Desmodus,rotundus,Y,isolation,"[320, 351, 322]",
Togaviridae,Alphavirus,Venezuelan equine encephalitis virus,Glossophaga,commissarisi,Y,antibodies,[322],
Togaviridae,Alphavirus,Venezuelan equine encephalitis virus,Glossophaga,soricina,Y,isolation,"[320, 351, 294]",
Togaviridae,Alphavirus,Venezuelan equine encephalitis virus,Myotis,nigricans,Y,antibodies,[322],
Togaviridae,Alphavirus,Venezuelan equine encephalitis virus,Phyllostomus,discolor,Y,neutralizing antibodies,[365],
Togaviridae,Alphavirus,Venezuelan equine encephalitis virus,Sturnira,lilium,Y,neutralizing antibodies,[365],
Togaviridae,Alphavirus,Venezuelan equine encephalitis virus,Sturnira,ludovici,Y,neutralizing antibodies,[365],
Togaviridae,Alphavirus,Venezuelan equine encephalitis virus,Uroderma,bilobatum,Y,isolation,"[320, 351, 322]",
Rhabdoviridae,Vesiculovirus,Vesicular stomatitis Indiana virus,Artibeus,jamaicensis,Y,antibodies,[449],
Rhabdoviridae,Vesiculovirus,Vesicular stomatitis Indiana virus,Artibeus,lituratus,Y,antibodies,[365],
Rhabdoviridae,Vesiculovirus,Vesicular stomatitis Indiana virus,Artibeus,phaeotis,Y,antibodies,[365],
Rhabdoviridae,Vesiculovirus,Vesicular stomatitis Indiana virus,Carollia,perspicillata,Y,antibodies,[449],
Rhabdoviridae,Vesiculovirus,Vesicular stomatitis Indiana virus,Glossophaga,soricina,Y,antibodies,[449],
Rhabdoviridae,Vesiculovirus,Vesicular stomatitis Indiana virus,Lophostoma,silvicolum,Y,antibodies,[449],
Rhabdoviridae,Vesiculovirus,Vesicular stomatitis New Jersey virus,Artibeus,jamaicensis,Y,antibodies,"[449, 365]",
Rhabdoviridae,Vesiculovirus,Vesicular stomatitis New Jersey virus,Artibeus,phaeotis,Y,antibodies,[365],
Rhabdoviridae,Vesiculovirus,Vesicular stomatitis New Jersey virus,Carollia,perspicillata,Y,antibodies,[449],
Rhabdoviridae,Vesiculovirus,Vesicular stomatitis New Jersey virus,Desmodus,rotundus,Y,antibodies,[365],
Rhabdoviridae,Vesiculovirus,Vesicular stomatitis New Jersey virus,Glossophaga,soricina,Y,antibodies,[449],
Rhabdoviridae,Vesiculovirus,Vesicular stomatitis New Jersey virus,Lonchophylla,robusta,Y,antibodies,[449],
Rhabdoviridae,Vesiculovirus,Vesicular stomatitis New Jersey virus,Lophostoma,silvicolum,Y,antibodies,[449],
Rhabdoviridae,Vesiculovirus,Vesicular stomatitis New Jersey virus,Sturnira,lilium,Y,antibodies,[365],
Rhabdoviridae,Vesiculovirus,Vesicular stomatitis New Jersey virus,Vampyrodes,caraccioli,Y,antibodies,[365],
Flaviviridae,Flavivirus,Wesselsbron virus,Cynopterus,,Y,antibodies,[351],
Rhabdoviridae,Lyssavirus,West Caucasian bat virus,Miniopterus,schreibersii,N,isolation,[320],
Flaviviridae,Flavivirus,West Nile virus,Eidolon,,Y,antibodies,[351],
Flaviviridae,Flavivirus,West Nile virus,Eptesicus,fuscus,Y,antibodies,"[351, 367]",
Flaviviridae,Flavivirus,West Nile virus,Myotis,lucifugus,Y,antibodies,[304],
Flaviviridae,Flavivirus,West Nile virus,Myotis,septentrionalis,Y,antibodies,[358],
Flaviviridae,Flavivirus,West Nile virus,Pteropus,alecto,Y,antibodies,[354],under Pteropus gouldi (subspecies)
Flaviviridae,Flavivirus,West Nile virus,Pteropus,scapulatus,Y,antibodies in Rowan,"[351, 367, 354]",
Flaviviridae,Flavivirus,West Nile virus,Rhinolophus,,Y,antibodies,[351],
Flaviviridae,Flavivirus,West Nile virus,Rousettus,aegyptiacus,Y,antibodies,[367],
Flaviviridae,Flavivirus,West Nile virus,Rousettus,leschenaultii,Y,isolation,"[351, 367, 328]",
Flaviviridae,Flavivirus,West Nile virus,Tadarida,,Y,antibodies,[351],species not given
Togaviridae,Alphavirus,Western equine encephalitis virus,Artibeus,lituratus,Y,antibodies,[322],
Togaviridae,Alphavirus,Western equine encephalitis virus,Tadarida,brasiliensis,Y,?,[451],"Wilkins references Constantine 1970, but T. brasiliensis is not listed under WEE, so this record may be spurious"
Flaviviridae,Flavivirus,Yellow Fever virus,Artibeus,cinereus,Y,"antibodies, HI pos ",[321],
Flaviviridae,Flavivirus,Yellow Fever virus,Artibeus,jamaicensis,Y,"antibodies, HI pos ",[321],
Flaviviridae,Flavivirus,Yellow Fever virus,Artibeus,lituratus,Y,"antibodies, HI pos ",[321],
Flaviviridae,Flavivirus,Yellow Fever virus,Carollia,perspicillata,Y,"antibodies, HI pos ",[321],
Flaviviridae,Flavivirus,Yellow Fever virus,Eidolon,,Y,antibodies,[351],species not given
Flaviviridae,Flavivirus,Yellow Fever virus,Epomophorus,,Y,isolation,"[351, 368]",species not given
Flaviviridae,Flavivirus,Yellow Fever virus,Eptesicus,,Y,antibodies,[351],species not given
Flaviviridae,Flavivirus,Yellow Fever virus,Glossophaga,soricina,Y,"antibodies, HI pos ",[321],
Flaviviridae,Flavivirus,Yellow Fever virus,Molossus,molossus,Y,"antibodies, HI pos ",[321],
Flaviviridae,Flavivirus,Yellow Fever virus,Molossus,rufus,Y,"antibodies, HI pos ",[321],
Flaviviridae,Flavivirus,Yellow Fever virus,Phyllostomus,hastatus,Y,"antibodies, HI pos ",[321],
Flaviviridae,Flavivirus,Yellow Fever virus,Platyrrhinus,helleri,Y,"antibodies, HI pos ",[321],
Flaviviridae,Flavivirus,Yellow Fever virus,Pteronotus,davyi,Y,"antibodies, HI pos ",[321],
Flaviviridae,Flavivirus,Yellow Fever virus,Pteronotus,parnellii,Y,"antibodies, HI pos ",[321],
Flaviviridae,Flavivirus,Yellow Fever virus,Rousettus,,Y,antibodies,[351],species not given
Flaviviridae,Flavivirus,Yellow Fever virus,Tadarida,,Y,antibodies,[351],species not given
Bunyaviridae,unassigned,Yogue virus,Rousettus,aegyptiacus,N,isolation,[320],
Flaviviridae,Flavivirus,Yokose virus,Miniopterus,schreibersii,N,isolation,"[320, 328, 369, 322]",
Flaviviridae,Flavivirus,Zika,Eidolon,,Y,"antibodies, HI pos ",[351],species not given
Flaviviridae,Flavivirus,Zika,Rousettus,,Y,"antibodies, HI pos ",[351],species not given
Flaviviridae,Flavivirus,Zika,Tadarida,,Y,"antibodies, HI pos ",[351],species not given
Flaviviridae,Flavivirus,Zika,unidentified,,Y,"antibodies, HI pos ",[351],"genus, species not given"
